{"data_time": 0.0006042999993951526, "eta_seconds": 158.0856999999196, "fast_rcnn/cls_accuracy": 0.435, "fast_rcnn/false_negative": 0.19607843137254902, "fast_rcnn/fg_cls_accuracy": 0.0, "iteration": 19, "loss_box_reg": 0.0012297903886064887, "loss_cls": 1.4629608988761902, "loss_rpn_cls": 0.4369920939207077, "loss_rpn_loc": 0.13072628527879715, "lr": 0.00012113125000000001, "rank_data_time": 0.0006042999993951526, "roi_head/num_bg_samples": 197.0, "roi_head/num_fg_samples": 3.0, "rpn/num_neg_anchors": 215.0, "rpn/num_pos_anchors": 41.0, "time": 0.4160149999997884, "total_loss": 2.048573382446193}
{"data_time": 0.0006393499998011976, "eta_seconds": 155.32257600014418, "fast_rcnn/cls_accuracy": 0.89, "fast_rcnn/false_negative": 1.0, "fast_rcnn/fg_cls_accuracy": 0.0, "iteration": 39, "loss_box_reg": 0.2132447585463524, "loss_cls": 0.6186739206314087, "loss_rpn_cls": 0.19476696848869324, "loss_rpn_loc": 0.1586187556385994, "lr": 0.00024600625000000003, "rank_data_time": 0.0006393499998011976, "roi_head/num_bg_samples": 178.0, "roi_head/num_fg_samples": 22.0, "rpn/num_neg_anchors": 203.0, "rpn/num_pos_anchors": 53.0, "time": 0.45061654999972234, "total_loss": 1.1399910487234592}
{"data_time": 0.0006239000003915862, "eta_seconds": 147.85462700005155, "fast_rcnn/cls_accuracy": 0.905, "fast_rcnn/false_negative": 1.0, "fast_rcnn/fg_cls_accuracy": 0.0, "iteration": 59, "loss_box_reg": 0.2949308753013611, "loss_cls": 0.49940091371536255, "loss_rpn_cls": 0.0740915909409523, "loss_rpn_loc": 0.11714667826890945, "lr": 0.00037088125, "rank_data_time": 0.0006239000003915862, "roi_head/num_bg_samples": 181.0, "roi_head/num_fg_samples": 19.0, "rpn/num_neg_anchors": 212.0, "rpn/num_pos_anchors": 44.0, "time": 0.4459075499999017, "total_loss": 0.9958535805344582}
{"data_time": 0.0006175499993332778, "eta_seconds": 144.19729599991115, "fast_rcnn/cls_accuracy": 0.77, "fast_rcnn/false_negative": 1.0, "fast_rcnn/fg_cls_accuracy": 0.0, "iteration": 79, "loss_box_reg": 0.5706715285778046, "loss_cls": 0.5579296052455902, "loss_rpn_cls": 0.05390860699117184, "loss_rpn_loc": 0.10168065130710602, "lr": 0.0004957562500000001, "rank_data_time": 0.0006175499993332778, "roi_head/num_bg_samples": 154.0, "roi_head/num_fg_samples": 46.0, "rpn/num_neg_anchors": 204.0, "rpn/num_pos_anchors": 52.0, "time": 0.46024094999938825, "total_loss": 1.359573481604457}
{"data_time": 0.0006215500006874208, "eta_seconds": 136.32267000002685, "fast_rcnn/cls_accuracy": 0.9, "fast_rcnn/false_negative": 1.0, "fast_rcnn/fg_cls_accuracy": 0.0, "iteration": 99, "loss_box_reg": 0.3109659403562546, "loss_cls": 0.33266761898994446, "loss_rpn_cls": 0.030122913420200348, "loss_rpn_loc": 0.07867373898625374, "lr": 0.0006206312499999999, "rank_data_time": 0.0006215500006874208, "roi_head/num_bg_samples": 180.5, "roi_head/num_fg_samples": 19.5, "rpn/num_neg_anchors": 215.0, "rpn/num_pos_anchors": 41.0, "time": 0.46354335000069113, "total_loss": 0.7179985931143165}
{"data_time": 0.0006149999999252032, "eta_seconds": 127.78928400020959, "fast_rcnn/cls_accuracy": 0.9325, "fast_rcnn/false_negative": 1.0, "fast_rcnn/fg_cls_accuracy": 0.0, "iteration": 119, "loss_box_reg": 0.20864824950695038, "loss_cls": 0.20864055305719376, "loss_rpn_cls": 0.02662027534097433, "loss_rpn_loc": 0.10039863735437393, "lr": 0.0007455062499999999, "rank_data_time": 0.0006149999999252032, "roi_head/num_bg_samples": 186.5, "roi_head/num_fg_samples": 13.5, "rpn/num_neg_anchors": 214.0, "rpn/num_pos_anchors": 42.0, "time": 0.46376825000061217, "total_loss": 0.5634749867022038}
{"data_time": 0.0006254999998418498, "eta_seconds": 118.98195399986434, "fast_rcnn/cls_accuracy": 0.895, "fast_rcnn/false_negative": 0.59, "fast_rcnn/fg_cls_accuracy": 0.18375, "iteration": 139, "loss_box_reg": 0.28609128296375275, "loss_cls": 0.26183822751045227, "loss_rpn_cls": 0.02147006243467331, "loss_rpn_loc": 0.08530543744564056, "lr": 0.0008703812499999999, "rank_data_time": 0.0006254999998418498, "roi_head/num_bg_samples": 181.0, "roi_head/num_fg_samples": 19.0, "rpn/num_neg_anchors": 214.0, "rpn/num_pos_anchors": 42.0, "time": 0.4666203500000847, "total_loss": 0.6227673469111323}
{"data_time": 0.0006152499991003424, "eta_seconds": 109.65503999992507, "fast_rcnn/cls_accuracy": 0.915, "fast_rcnn/false_negative": 0.4442857142857143, "fast_rcnn/fg_cls_accuracy": 0.27217391304347827, "iteration": 159, "loss_box_reg": 0.33266934752464294, "loss_cls": 0.22057753801345825, "loss_rpn_cls": 0.014180240221321583, "loss_rpn_loc": 0.07511374354362488, "lr": 0.00099525625, "rank_data_time": 0.0006152499991003424, "roi_head/num_bg_samples": 177.5, "roi_head/num_fg_samples": 22.5, "rpn/num_neg_anchors": 215.0, "rpn/num_pos_anchors": 41.0, "time": 0.43665355000030104, "total_loss": 0.6266589583829045}
{"data_time": 0.0006191000002218061, "eta_seconds": 100.51711999993131, "fast_rcnn/cls_accuracy": 0.91, "fast_rcnn/false_negative": 0.69, "fast_rcnn/fg_cls_accuracy": 0.04904306220095694, "iteration": 179, "loss_box_reg": 0.22522450238466263, "loss_cls": 0.2365814745426178, "loss_rpn_cls": 0.016877269372344017, "loss_rpn_loc": 0.10887559875845909, "lr": 0.00112013125, "rank_data_time": 0.0006191000002218061, "roi_head/num_bg_samples": 182.5, "roi_head/num_fg_samples": 17.5, "rpn/num_neg_anchors": 211.0, "rpn/num_pos_anchors": 45.0, "time": 0.43464140000014595, "total_loss": 0.6948008563485928}
{"data_time": 0.0006236999997781822, "eta_seconds": 91.27806000014971, "fast_rcnn/cls_accuracy": 0.88, "fast_rcnn/false_negative": 0.42, "fast_rcnn/fg_cls_accuracy": 0.5392592592592593, "iteration": 199, "loss_box_reg": 0.401062935590744, "loss_cls": 0.31796763837337494, "loss_rpn_cls": 0.012788506224751472, "loss_rpn_loc": 0.1269836761057377, "lr": 0.00124500625, "rank_data_time": 0.0006236999997781822, "roi_head/num_bg_samples": 150.0, "roi_head/num_fg_samples": 50.0, "rpn/num_neg_anchors": 201.5, "rpn/num_pos_anchors": 54.5, "time": 0.4348910499993508, "total_loss": 0.8562243785709143}
{"data_time": 0.0006278499995460152, "eta_seconds": 82.2412799999438, "fast_rcnn/cls_accuracy": 0.905, "fast_rcnn/false_negative": 0.3, "fast_rcnn/fg_cls_accuracy": 0.52, "iteration": 219, "loss_box_reg": 0.3070291802287102, "loss_cls": 0.22204936295747757, "loss_rpn_cls": 0.01364059653133154, "loss_rpn_loc": 0.08562880009412766, "lr": 0.00136988125, "rank_data_time": 0.0006278499995460152, "roi_head/num_bg_samples": 163.5, "roi_head/num_fg_samples": 36.5, "rpn/num_neg_anchors": 206.0, "rpn/num_pos_anchors": 50.0, "time": 0.4678267999988748, "total_loss": 0.6631652633659542}
{"data_time": 0.0006226999994396465, "eta_seconds": 72.94295200001216, "fast_rcnn/cls_accuracy": 0.9475, "fast_rcnn/false_negative": 0.28157894736842104, "fast_rcnn/fg_cls_accuracy": 0.5835913312693499, "iteration": 239, "loss_box_reg": 0.17522263526916504, "loss_cls": 0.14202655106782913, "loss_rpn_cls": 0.014892768114805222, "loss_rpn_loc": 0.09305443242192268, "lr": 0.00149475625, "rank_data_time": 0.0006226999994396465, "roi_head/num_bg_samples": 183.0, "roi_head/num_fg_samples": 17.0, "rpn/num_neg_anchors": 215.0, "rpn/num_pos_anchors": 41.0, "time": 0.438569699999789, "total_loss": 0.46987926261499524}
{"data_time": 0.0006201499991220771, "eta_seconds": 63.96275199998854, "fast_rcnn/cls_accuracy": 0.9225000000000001, "fast_rcnn/false_negative": 0.1, "fast_rcnn/fg_cls_accuracy": 0.7195652173913043, "iteration": 259, "loss_box_reg": 0.252469077706337, "loss_cls": 0.20793643593788147, "loss_rpn_cls": 0.011901278980076313, "loss_rpn_loc": 0.07981652766466141, "lr": 0.00161963125, "rank_data_time": 0.0006201499991220771, "roi_head/num_bg_samples": 177.5, "roi_head/num_fg_samples": 22.5, "rpn/num_neg_anchors": 216.0, "rpn/num_pos_anchors": 40.0, "time": 0.46987014999922394, "total_loss": 0.5252141237142496}
{"data_time": 0.000619649999862304, "eta_seconds": 54.865655999929004, "fast_rcnn/cls_accuracy": 0.9175, "fast_rcnn/false_negative": 0.33, "fast_rcnn/fg_cls_accuracy": 0.64, "iteration": 279, "loss_box_reg": 0.25037387758493423,